Categoria,Sentencias
1,detalles denuncia de siniestro
1,detalles siniestro a denunciar
1,siniestro denunciado detalles
1,documentación denuncia de siniestro
1,documentación siniestro denunciado
1,documentacion denuncia de siniestro
1,documentacion siniestro denunciado
1,pedido denuncia de siniestro
1,pedido denuncia de un siniestro
1,quiero denunciar un siniestro
1,denuncia incendio
1,denuncia incendio auto
1,denuncia incendio vehiculo
1,denuncia incendio hogar
1,denuncia choque
1,denuncia golpe
1,denuncia de daño ocasionado
1,denuncia de daño sufrido
1,denuncia daños
1,denuncia daños vehiculo
1,denuncia daños auto
1,denuncia accidente de circulación
1,denuncia accidente de circulacion
1,denuncia siniestro ocasionado
1,denuncia siniestro sucedido
1,pruebas denuncia siniestro
1,denuncia de siniestro
1,denuncia de un siniestro
1,siniestro
1,denuncia de siniestro
1,denuncia de un siniestro
1,denuncia siniestro
1,solicitud denuncia de siniestro
1,solicitud denuncia de un siniestro
1,solicitud denuncia siniestro
1,solicitud siniestro
1,solicitud denuncia
1,pedido denuncia de siniestro
1,pedido denuncia de un siniestro
1,pedido denuncia siniestro
1,pedido siniestro
1,pedido denuncia
1,notificación siniestro
1,aviso de siniestro
1,siniestro denuncia
1,siniestro a denunciar
1,reporte denuncia de siniestro
1,denuncio un siniestro
1,quiero hacer una denuncia de siniestro
1,informe siniestro a denunciar
1,detalle denuncia de siniestro
1,detalle siniestro a denunciar
1,detalles denuncia de siniestro
1,detalles siniestro a denunciar
1,siniestro denunciado detalles
1,documentación denuncia de siniestro
1,documentación siniestro denunciado
1,documentacion denuncia de siniestro
1,documentacion siniestro denunciado
1,quiero denunciar un siniestro
1,denuncia incendio
1,denuncia incendio auto
1,denuncia incendio vehiculo
1,denuncia incendio hogar
1,denuncia choque
1,denuncia golpe
1,denuncia de daño ocasionado
1,denuncia de daño sufrido
1,denuncia daños
1,denuncia daños vehiculo
1,denuncia daños auto
1,denuncia accidente de circulación
1,denuncia accidente de circulacion
1,denuncia siniestro ocasionado
1,denuncia siniestro sucedido
1,pruebas denuncia siniestro
1,quiero reportar un siniestro
1,siniestro en mi casa
1,he tenido un siniestro
1,reportar accidente
1,necesito denunciar siniestro
1,reporte de choque
1,notificar accidente
1,informar de un siniestro
1,aviso de accidente
1,choque a reportar
1,informe de accidente
1,accidente automovilístico
1,denuncia accidente
1,accidente de tráfico
1,daño en el vehículo
1,daño en la propiedad
1,reporte de daños
1,denuncia daños materiales
1,siniestro de auto
1,daños en mi auto
1,accidente en mi hogar
1,reportar daños
1,informar siniestro de auto
1,choque con otro vehículo
1,reporte de siniestro de auto
1,denuncia de accidente
1,daños a terceros
1,denuncia por choque
1,aviso de daños
1,reporte de siniestro de vehículo
1,notificación de siniestro
1,informar daños
1,detalles del siniestro
1,denuncia de accidente en casa
1,accidente con otro auto
1,choque con daños
1,informe de daños
1,siniestro accidente con heridos
1,denunciar daños de un siniestro
1,aviso de siniestro en casa
1,informe siniestro en vehículo
1,daño en vivienda
1,choque de auto
1,informar accidente de auto
1,accidente en casa
1,denuncia siniestro accidente automovilístico
1,informe siniestros daños en vehículo
1,denuncia accidente de auto
1,denuncia por siniestro
1,reporte de accidente en auto
1,aviso de daños en vehículo
1,denuncia de accidente de circulación
1,siniestro con daños
1,denuncia siniestro choqué
1,reporte de daño de iniestro
1,choque en la calle
1,accidente en la carretera
1,informar siniestro auto
1,accidente con daños a terceros
1,denuncia accidente con daños
1,aviso accidente de auto
1,reporte de siniestro con heridos
1,informe de choque
1,accidente grave
1,denunciar siniestro
1,siniestro con heridos
1,aviso de accidente de circulación
1,reporte de accidente de tráfico
1,informe de siniestro choque
1,denuncia siniestro en carretera
1,informe de siniestro con heridos
1,aviso de siniestro grave
1,reporte de siniestro en hogar
1,denunciar choque con daños
2,cotización de póliza de auto
2,cotización de poliza de auto
2,cotizacion de póliza de auto
2,cotizacion de poliza de auto
2,poliza de auto
2,póliza de auto
2,cotización póliza auto
2,cotización poliza auto
2,cotizacion póliza auto
2,cotizacion poliza auto
2,poliza auto
2,póliza auto
2,solicitar cotización de automóvil
2,vehículo poliza
2,póliza vehículo
2,por favor cotizar poliza auto
2,porfavor cotizar poliza auto
2,por favor cotizar poliza vehiculo
2,cotizar auto
2,cotiazión vehículo póliza
2,cotiazión vehículo poliza
2,envio informacion poliza auto
2,envio informacion poliza vehiuclo
2,envio informacion póliza automóvil
2,informacion poliza auto
2,informacion poliza vehiuclo
2,informacion póliza automóvil
2,documentos poliza auto
2,documentos poliza vehiuclo
2,documentos póliza automóvil
2,solicitud cotización de póliza de auto
2,solicitud cotización de poliza de auto
2,solicitud cotizacion de póliza de auto
2,solicitud cotizacion de poliza de auto
2,solicitud poliza de auto
2,solicitud póliza de auto
2,solicitud cotización póliza auto
2,solicitud cotización poliza auto
2,solicitud cotizacion póliza auto
2,solicitud cotizacion poliza auto
2,solicitud poliza auto
2,solicitud póliza auto
2,pedido cotización de póliza de auto
2,pedido cotización de poliza de auto
2,pedido cotizacion de póliza de auto
2,pedido cotizacion de poliza de auto
2,pedido poliza de auto
2,pedido póliza de auto
2,pedido cotización póliza auto
2,pedido cotización poliza auto
2,pedido cotizacion póliza auto
2,pedido cotizacion poliza auto
2,pedido poliza auto
2,pedido póliza auto
2,documentación poliza auto
2,documentación poliza vehiuclo
2,documentación póliza automóvil
2,documentacion poliza auto
2,documentacion poliza vehiuclo
2,documentacion póliza automóvil
2,papeles poliza auto
2,papeles poliza vehiuclo
2,papeles póliza automóvil
2,quiero cotización póliza auto
2,necesito cotización póliza auto
2,cotización seguro de auto
2,solicitar presupuesto de póliza de auto
2,presupuesto seguro auto
2,precio seguro de auto
2,tarifa seguro de auto
2,valor seguro de auto
2,costo seguro de auto
2,cotización de seguro vehicular
2,precio de póliza de auto
2,cotización para seguro de auto
2,solicitud de precio de seguro de auto
2,estimación seguro de auto
2,cotización para póliza de coche
2,costo seguro coche
2,cotizar seguro para mi auto
2,necesito cotización seguro de auto
2,solicitar precio seguro vehicular
2,cuánto cuesta el seguro de auto
2,requiero cotización de seguro de auto
2,pedido de precio de póliza vehicular
2,solicito cotización de seguro para auto
2,cotización de seguro automotor
2,precio de seguro para mi auto
2,estimación de seguro para auto
2,cotizar seguro de vehículo
2,valor de póliza de auto
2,tarifa de poliza para auto
2,quiero conocer precio de seguro de auto
2,cotización de seguro para mi vehículo
2,precio del seguro de mi auto
2,cotización de seguro de coche
2,necesito cotización para póliza de coche
2,precio seguro vehicular
2,valor de seguro para coche
2,cotizar póliza para auto
2,solicitud de cotización de seguro vehicular
2,necesito saber precio de seguro para auto
2,solicito precio de seguro de coche
2,estimación de seguro vehicular
2,cotización de seguro de automóvil
2,precio del seguro vehicular
2,tarifa de seguro para coche
2,cotizar seguro de coche
2,quiero saber el costo del seguro de auto
2,cotización de seguro para coche
2,precio de póliza vehicular
2,solicitud de cotización de seguro para coche
2,estimación de seguro de automóvil
2,cotizar seguro para mi coche
2,precio del seguro de automóvil
2,cotización de seguro para mi auto
2,necesito precio de seguro para mi coche
2,cotización de seguro para vehículo
2,precio del seguro de mi coche
2,cotizar póliza vehicular
2,precio de póliza de coche
2,solicitud de precio de seguro vehicular
2,estimación de seguro para coche
2,necesito cotización para seguro de vehículo
2,precio de seguro para coche
2,tarifa de seguro de vehículo
2,valor de seguro para automóvil
2,cotización para seguro de coche
2,precio del seguro para vehículo
2,solicitud de precio de seguro para coche
2,necesito saber costo de seguro para auto
2,cotización para seguro de automóvil
2,valor de seguro para vehículo
2,precio de seguro para mi coche
2,cotizar seguro para automóvil
3,cotización de pólizas del hogar
3,cotizacion de polizas del hogar
3,polizas del hogar
3,pólizas del hogar
3,cotización póliza hogar
3,cotización poliza hogar
3,poliza hogar
3,póliza hogar
3,solicitud cotización de póliza del hogar
3,solicitud cotizacion de poliza del hogar
3,solicitud poliza del hogar
3,solicitud póliza del hogar
3,solicitud cotización póliza hogar
3,solicitud cotización poliza hogar
3,solicitud poliza hogar
3,solicitud póliza hogar
3,pedido cotización de póliza del hogar
3,pedido cotizacion de poliza del hogar
3,pedido poliza del hogar
3,pedido póliza del hogar
3,pedido cotización póliza hogar
3,pedido cotización poliza hogar
3,pedido poliza hogar
3,pedido póliza hogar
3,cotización de póliza de la casa
3,cotizacion de poliza de la casa
3,cotización de póliza casa
3,cotizacion de poliza casa
3,cotización de póliza vivienda
3,cotizacion de poliza vivienda
3,solicitud cotización de poliza del hogar
3,solicitud cotizacion de póliza del hogar
3,solicitud cotizacion póliza hogar
3,solicitud cotizacion poliza hogar
3,cotización de póliza depto
3,cotizacion de poliza depto
3,cotización de póliza departamento
3,cotizacion de poliza departamento
3,cotización de poliza hogar
3,cotizacion de póliza hogar
3,cotizacion de poliza vivienda
3,cotisasión de póliza viviends
3,cotisasión de poliza casa
3,cotisasion de póliza casa
3,cotisasion de poliza depto
3,cotisasión de póliza depto
3,cotisasión de poliza departamento
3,cotisasion de póliza del hogar
3,cotisasion de poliza del hogar
3,cotización de póliza de mi hogar
3,cotización de poliza para mi hogar
3,cotizacion de póliza de el hogar
3,cotizacion de poliza de mi hogar
3,cotisasión de póliza departamento
3,cotisasión de poliza del hogar
3,cotisasion de póliza de l hogar
3,cotisasion de poliza casa
3,polisa de hogar
3,pólisa de vivienda
3,cotización de poliza del hogar
3,cotizacion de póliza del hogar
3,cotizacion póliza hogar
3,cotizacion poliza hogar
3,solicitud de presupuesto para hogar
3,cotización de seguro de vivienda
3,pedir presupuesto de póliza de hogar
3,pedido hogar por favor cotizar
3,solicitar presupuesto seguro hogar
3,necesito cotización seguro vivienda
3,presupuesto seguro casa
3,precio seguro hogar
3,tarifa seguro vivienda
3,valor seguro hogar
3,coste seguro hogar
3,cotización de seguro habitacional
3,precio de seguro de hogar
3,cotización para seguro de vivienda
3,solicitud de precio de seguro de hogar
3,estimación seguro hogar
3,cotización para póliza de vivienda
3,tarifas seguro vivienda
3,cotizar seguro para mi hogar
3,necesito cotización seguro de hogar
3,solicitar precio seguro habitacional
3,cuánto cuesta el seguro de hogar
3,requiero cotización de seguro de hogar
3,pedido de precio de póliza habitacional
3,solicito cotización de seguro para hogar
3,cotización de seguro de casa
3,precio de seguro para mi hogar
3,estimación de seguro para hogar
3,cotizar seguro de vivienda
3,valor de póliza de hogar
3,tarifa de seguro para hogar
3,quiero conocer precio de seguro de hogar
3,cotización de seguro para mi vivienda
3,precio del seguro de mi hogar
3,necesito cotización para póliza de vivienda
3,precio seguro habitacional
3,valor de seguro para casa
3,cotizar póliza para hogar
3,solicitud de cotización de seguro habitacional
3,necesito saber precio de seguro para hogar
3,solicito precio de seguro de vivienda
3,estimación de seguro habitacional
3,precio del seguro habitacional
3,tarifa de seguro para vivienda
3,quiero saber el costo del seguro de hogar
3,cotización de seguro para vivienda
3,precio de póliza habitacional
3,solicitud de cotización de seguro para vivienda
3,estimación de seguro de casa
3,cotizar seguro para mi vivienda
3,precio del seguro de casa
3,cotización de seguro para mi hogar
3,necesito precio de seguro para mi vivienda
3,cotización de seguro para hogar
3,precio del seguro de mi casa
3,cotizar póliza habitacional
3,precio de póliza de casa
3,solicitud de precio de seguro habitacional
3,estimación de seguro para vivienda
3,necesito cotización para seguro de vivienda
3,precio de seguro para vivienda
3,tarifa de seguro de hogar
3,valor de seguro para vivienda
3,precio del seguro para vivienda
3,solicitud de precio de seguro para vivienda
3,necesito saber costo de seguro para hogar
3,cotización para seguro de casa
3,precio de seguro para mi vivienda
3,cotizar seguro para vivienda
3,necesito precio del seguro de hogar
3,solicitud de cotización de seguro de casa
3,cuál es el costo del seguro de hogar
3,cotización de seguro para vivienda particular
3,precio de seguro de hogar anual
4,presupuestos Solicitados
4,presupuestos
4,solicitud Presupuestos Solicitados
4,solicitud presupuestos
4,pedido Presupuestos Solicitados
4,pedido presupuestos
4,pedido Carga de presupuestos
4,pedido presupuestos a cargar
4,pedido cotización
4,solicitud Carga de presupuestos
4,solicitud presupuestos a cargar
4,necesito presupuesto
4,carga de presupuestos
4,presupuestos a cargar
4,presupuesto
4,envio presupuesto
4,presupuestación
4,pedido presupuestación
4,presupuestacion
4,solicitud presupuestación
4,envio informacion para presupuesto
4,envio informacion para presupuestacion
4,envio información para presupuestación
4,informacion presupuestos
4,información presupuestación
4,presupuestar
4,carga presupuestación
4,cargar presupuesto
4,cargar presupuestacion
4,presupuestacion info
4,presupuestación solicitud
4,por favor presupuestar
4,presupuestar por favor
4,datos para presupuesto
4,infromación presupuestación
4,infromacion presupuestacion
4,necesito presupuestación
4,necesito presupuestacion
4,preusprestacion
4,carga presupuesto
4,carga presupuesto
4,carga presupuestacion
4,presupuesto charlado
4,presupuesto para analizar
4,análisis presupuesto
4,presupuesto urgentente
4,necesito este presupuesto
4,presupuesto seguro
4,presupuesto cobertura
4,seguro presupuesto
4,seguro presupuestación
4,seguro presupuestacion
4,nuevo presupuesto
4,nueva presupuestación
4,nueva presupuestacion solicitada
4,por favor presupuestar seguro
4,solicitud presupuesto seguro
4,presupuesto solicitud
4,cotización presupuestos
4,costo presupuesto
4,revisión de presupuesto
4,precio del presupuesto
4,propuesta de presupuesto
4,estimación de presupuesto
4,cotizar presupuesto
4,valor del presupuesto
4,detalle de presupuesto
4,previsión de presupuesto
4,cálculo de presupuesto
4,resumen de presupuesto
4,documentación de presupuesto
4,listado de presupuesto
4,gastos del presupuesto
4,informe de presupuesto
4,planificación del presupuesto
4,preparación de presupuesto
4,ajuste de presupuesto
4,revisión de presupuestación
4,envío de presupuesto
4,información para presupuestación
4,cotización de presupuestación
4,solicitud de presupuestación
4,pedido de presupuestación
4,solicitud de carga de presupuestación
4,pedido de carga de presupuestación
4,necesito cargar presupuestación
4,cargar presupuesto pendiente
4,informe de carga de presupuestación
4,detalle de carga de presupuesto
4,envío de carga de presupuesto
4,ajuste de carga de presupuesto
4,resumen de carga de presupuesto
4,listado de carga de presupuesto
4,gastos de carga de presupuesto
4,documentación de carga de presupuesto
4,preparación de carga de presupuesto
4,informe de ajuste de presupuesto
4,detalle de ajuste de presupuesto
4,envío de ajuste de presupuesto
4,planificación de ajuste de presupuesto
4,informe de revisión de presupuesto
4,detalle de revisión de presupuesto
4,ajuste de revisión de presupuesto
4,resumen de revisión de presupuesto
4,listado de revisión de presupuesto
4,gastos de revisión de presupuesto
4,documentación de revisión de presupuesto
4,preparación de revisión de presupuesto
4,informe de preparación de presupuesto
4,detalle de preparación de presupuesto
4,ajuste de preparación de presupuesto
4,resumen de preparación de presupuesto
4,listado de preparación de presupuesto
4,gastos de preparación de presupuesto
4,documentación de preparación de presupuesto
4,planificación de revisión de presupuesto
4,informe de planificación de presupuesto
4,detalle de planificación de presupuesto
4,ajuste de planificación de presupuesto
4,pedido planificación de presupuesto
4,solicitud de planificación de presupuesto
4,por favor planificar presupuesto
4,documentación presupuesto
4,documentación para presupuesto
4,informe de estimación de presupuesto
4,detalle de estimación de presupuesto
4,documentación para presupuestación
4,documentación presupuestación
4,documentación de presupuestación
4,documentación de presupuestacion
4,documentación del presupuesto
4,preparación de presupuesto
4,presupuesto requerido
4,requiero de presupuesto
4,presupuestación charlada
4,Información para presupuestación
4,Archivos para presupuestación
4,Información para presupuesto
4,Informacion para presupuesto
4,preparación presupuestacion
4,presupuestá
4,aviso pedio presupuestación
4,aviso pedio presupuesto
4,aviso pedio presupuestacion
4,solicto presupuesto
4,solicito presupuestación
4,solicito presupuestacion
4,presupuesto seguro
4,pedido de presupuesto detallado
4,detalle específico de presupuestación
0,Vacaciones en Mardel
0,Promoción en ropa
0,¿Queres vacaionar en Mar del Plata?
0,solicitud Promoción en ropa
0,vacaciones en Mardel
0,promoción en ropa
0,recordatorio de pago de factura pendiente
0,confirmación de reserva de hotel
0,actualización de política de privacidad
0,información sobre cambios en el horario de atención al cliente
0,recordatorio de cita médica
0,confirmación de registro en el evento
0,notificación de entrega de paquete
0,resumen mensual de cuenta bancaria
0,invitación a evento de networking empresarial
0,actualización sobre el estado de tu solicitud
0,confirmación de reserva de vuelo
0,recordatorio de fecha de vencimiento de suscripción
0,informe de rendimiento trimestral
0,recordatorio de reunión de equipo
0,confirmación de compra en línea
0,invitación a participar en encuesta de satisfacción
0,notificación de cambio de contraseña de cuenta
0,resumen de actividad en la cuenta de redes sociales
0,recordatorio de renovación de membresía
0,invitación a seminario web sobre desarrollo profesional
0,¿querés vacaciones?
0,descuentos solo para vos
0,conocé Datadog
0,conoces Datadog
0,feliz cumpleaños
0,conocé nuestras ofertas
0,¿conoces nuestros beneficios?
0,nuevo mensaje
0,descubre todas las novedades
0,últimos días
0,nuevo lanzamiento
0,nuevos lanzamientos
0,¡gana un millón de dólares ahora!
0,oferta especial: ¡Descuento del 50 porciento de descuento solo por hoy!
0,aumenta tu puntaje de crédito al instante
0,¡compra seguidores y likes para tus redes sociales!
0,conoce a solteros locales cerca de ti
0,reunión de equipo esta tarde a las 3 p.m.
0,confirmación de reserva para la conferencia
0,actualización semanal del proyecto
0,recuerda enviar el informe antes del viernes
0,invitación a la presentación del nuevo producto
0,¡gana un iPhone gratis!
0,¡oferta exclusiva: descuento del 70% en productos electrónicos!
0,aumenta tus seguidores en redes sociales al instante
0,¡deshazte de la deuda en 24 horas!
0,¡sorteo de vacaciones todo incluido!
0,¡conoce solteros calientes en tu área!
0,¡baja de peso rápidamente con esta pastilla milagrosa!
0,¡dinero fácil y rápido: hazte rico en una semana!
0,¡prueba gratis nuestro producto y gana una tarjeta de regalo!
0,¡increíble oportunidad de inversión con altos rendimientos!
0,¡descubre el secreto para una piel perfecta!
0,¡aprovecha esta oferta única: préstamos sin intereses!
0,¡gana un viaje de lujo a las Bahamas!
0,¡incrementa tus ingresos con este sistema probado!
0,¡obtén un préstamo sin verificación de crédito!
0,¡haz crecer tu negocio con nuestro software revolucionario!
0,¡oferta limitada: suscríbete ahora y recibe un descuento adicional!
0,¡descubre cómo ganar dinero desde casa!
0,¡productos de belleza gratis solo por registrarte!
0,¡tu cuenta ha sido seleccionada para recibir un premio especial!
0,¡aprovechá tus vacaciones!
0,Vacaciones en Mar de las Pampas
0,un texto nuevo
0,cualquier cosa
0,simplemente otro string con palabras no tokenizadas
0,Actualizamos nuestros términos y condiciones
0,ganá un millón de dólares ahora
0,oferta especial: ¡Descuento del 50% solo por hoy!
0,aumenta tu puntaje de crédito al instante
0,compra seguidores y likes para tus redes sociales
0,conoce a solteros locales cerca de ti
0,reunión de equipo esta tarde a las 3 p.m.
0,confirmación de reserva para la conferencia
0,actualización semanal del proyecto
0,recuerda enviar el informe antes del viernes
0,invitación a la presentación del nuevo producto
0,ganá un iPhone gratis
0,oferta exclusiva: descuento del 70% en productos electrónicos
0,aumenta tus seguidores en redes sociales al instante
0,deshazte de la deuda en 24 horas
0,sorteo de vacaciones todo incluido
0,conoce solteros calientes en tu área
0,baja de peso rápidamente con esta pastilla milagrosa
0,dinero fácil y rápido: hazte rico en una semana
0,prueba gratis nuestro producto y gana una tarjeta de regalo
0,increíble oportunidad de inversión con altos rendimientos
0,descubre el secreto para una piel perfecta
0,aprovecha esta oferta única: préstamos sin intereses
0,gana un viaje de lujo a las Bahamas
0,incrementa tus ingresos con este sistema probado
0,obtén un préstamo sin verificación de crédito
0,haz crecer tu negocio con nuestro software revolucionario
0,oferta limitada: suscríbete ahora y recibe un descuento adicional
0,descubre cómo ganar dinero desde casa
0,productos de belleza gratis solo por registrarte
0,tu cuenta ha sido seleccionada para recibir un premio especial
0,conoce Datadog
0,feliz cumpleaños
0,conocé nuestras ofertas
0,solicitud Vacaciones Mar de las Pampas
0,conoce nuestros beneficios
0,nuevo mensaje
0,descubre todas las novedades
0,últimos días
0,nuevo lanzamiento
0,nuevos lanzamientos
0,pedido Promoción en ropa
0,solicitud Vacaciones en Mardel
0,¡Feliz cumpleaños Augusto! Te desaeamos desde la empresa
0,actualización de política de privacidad
0,recordatorio de cita médica
0,confirmación de registro en el evento
0,notificación de entrega de paquete
0,invitación a evento de networking empresarial
0,recordatorio de fecha de vencimiento de suscripción
0,invitación a participar en encuesta de satisfacción
0,resumen de actividad en la cuenta de redes sociales
0,vacaciones!
0,descuentos solo para vos
0,¿Conocés nuestros servicios?
0,Conocenos
0,conocé nuestras ofertas
0,solicitud Vacaciones Mar de las Pampas
0,confirmación de reserva de vuelo
0,informe de rendimiento trimestral
0,recordatorio de reunión de equipo
0,confirmación de compra en línea
0,notificación de cambio de contraseña de cuenta
0,recordatorio de renovación de membresía
0,invitación a seminario web sobre desarrollo profesional
0,oferta exclusiva: 30% de descuento en tu próxima compra
0,mejoras en tu plan de salud
0,notificación de actividad sospechosa en tu cuenta
0,aprovecha esta oferta limitada: 50% de descuento en todos los productos
0,reserva tu lugar en nuestro evento exclusivo
0,nuevas oportunidades de inversión en criptomonedas
0,gana premios instantáneos solo por participar
0,obtén tu tarjeta de crédito sin verificación de ingresos
0,tu premio te está esperando: haz clic aquí
0,mejora tu historial crediticio en 3 simples pasos
0,compra productos milagrosos para la pérdida de peso
0,descubre cómo hacer dinero rápido desde casa
2,Por favor cotizarme vehículo
2,Por favor cotizarm auto
2,Por favor cotizarme automovil
2,Porfavor cotizarme vehículo
2,Porfavor cotizarm auto
2,Porfavor cotizarme automovil
2,auto cotizar urgente
2,auto cotizar por favor
2,cotización auto información
2,cotización auto info
2,cotización vehículo información
2,cotización vehículo info
2,cotización auto docuementos
2,cotización vehículo documentos
2,cotización auto docuementos solicitados
3,consulta seguro del hogar
3,porfavor realizar cotización seguro del hogar
3,cotizar seguro hogar por favor
3,por favor realizar cotización seguro del hogar
3,cotizar seguro hogar porfavor
3,cotizar hogar urgente!
3,costo seguro hogar
3,seguro hogar consulta cotización
3,valor seguro hogar consulta cotización
3,cotización hogar solicitud
3,envio solicitud cotización del hogar
3,envio solicitud cotizacion del hogar
3,documentos cotizacion hogar
1,nuevo siniestro
1,siniestro ocurrido
1,me ocurrió un siniestro
1,me ocurrio un siniestro
1,siniestro día de hoy
1,siniestro dia de hoy
1,siniestro ocurrido
1,denuncio siniestro ocurrido
1,denuncia siniestro ocurrido
1,siniestro ocurrido denuncia
1,siniestro ocurrido a denunciar
1,me ha ocurrido un siniestro
1,aviso siniestro
1,aviso siniestro día de hoy
1,aviso siniestro ocurrido 20/06/2024
1,deseo denunciar un siniestro
1,hago aviso de siniestro
1,doy aviso de siniestro ocurrido
1,aviso formal de siniestro
1,entrego aviso de siniestro
1,hago aviso de siniestro
1,entrefo aviso formal de siniestro
1,nuevo siniestro a denunciar
1,nuevo siniestro denunciado
1,me ha ocurrido un siniestro
1,aviso accidente
1,hago denuncia de accidente
1,denuncia accidente
1,me ha ocurrido un accidente doy aviso
1,aviso accidente ocurrido
1,accidente ocurrido 24/06/2024
1,me ha ocurrido un accidente doy aviso
1,me ha ocurrido un accidente
1,aviso accidente ocurrido
1,denuncio accidente sucedido
2,hola pido cotización para la póliza del auto
2,necesito pedir cotización para la póliza del auto
2,coticen póliza del auto
2,coticen póliza del auto por favor
2,nueva cotización para la póliza del auto
2,nueva cotización para la póliza del auto pedido
2,nueva cotización para la póliza del auto solicitud
2,nueva cotización para la póliza del auto aviso
2,nueva cotización para la póliza del auto entrega documentos
2,nueva cotización para la póliza del auto información
2,nueva cotización para la póliza del auto datos solicitados
2,nueva cotización para la póliza del auto información solicitada
2,entrega información solicitada para póliza del auto
2,entrega información solicitada para póliza auto
2,entrega información solicitada para póliza vehiculo
2,entrega información solicitada para póliza del auto
2,entrega información solicitada para póliza del automovil
2,entrega información solicitada para póliza del automóvil
2,entrega información solicitada para póliza automovil
2,nueva cotización para la poliza del auto
2,nueva cotización para la poliza del auto pedido
2,nueva cotización para la poliza del auto solicitud
2,nueva cotización para la poliza del auto aviso
2,nueva cotización para la poliza del auto entrega documentos
2,nueva cotización para la poliza del auto información
2,nueva cotización para la poliza del auto datos solicitados
2,nueva cotización para la poliza del auto información solicitada
2,entrega información solicitada para poliza del auto
2,entrega información solicitada para poliza auto
2,entrega información solicitada para poliza vehiculo
2,entrega información solicitada para poliza del auto
2,entrega información solicitada para poliza del automovil
2,entrega información solicitada para poliza del automóvil
2,entrega información solicitada para poliza automovil
2,información completa para pedido póliza del auto
2,información completa para pedido póliza vehículo
3,hola pido cotización para la póliza del hogar
3,necesito pedir cotización para la póliza del hogar
3,coticen póliza del hogar
3,coticen póliza del hogarpor favor
3,nueva cotización para la póliza del hogar
3,nueva cotización para la póliza del hogar pedido
3,nueva cotización para la póliza del hogar solicitud
3,nueva cotización para la póliza del hogar aviso
3,nueva cotización para la póliza del hogar entrega documentos
3,nueva cotización para la póliza del hogar información
3,nueva cotización para la póliza del hogar datos solicitados
3,nueva cotización para la póliza del hogar información solicitada
3,entrega información solicitada para póliza del hogar
3,entrega información solicitada para póliza hogar
3,entrega información solicitada para póliza casa
3,entrega información solicitada para póliza vivienda
3,entrega información solicitada para póliza de la vivienda
3,entrega información solicitada para póliza de mi hogar
3,entrega información solicitada para póliza hogar
3,nueva cotización para la poliza del hogar
3,nueva cotización para la poliza del hogarpedido
3,nueva cotización para la poliza del hogar solicitud
3,nueva cotización para la poliza del hogar aviso
3,nueva cotización para la poliza del hogar entrega documentos
3,nueva cotización para la poliza del hogar información
3,nueva cotización para la poliza del hogar datos solicitados
3,nueva cotización para la poliza del hogar información solicitada
3,entrega información solicitada para poliza del hogar
3,entrega información solicitada para poliza hogar
3,entrega información solicitada para poliza hogar
3,entrega información solicitada para poliza del hogar
3,entrega información solicitada para poliza de hogar
3,entrega información solicitada para poliza vivienda
3,entrega información solicitada para poliza de mi vivienda
3,información completa para pedido póliza del hogar
3,información completa para pedido póliza hogar
4,consulta presupuestos
4,porfavor realizar análisis presupuesto
4,analizar presupuesto por favor
4,necesito que me analicen el prespuesto para la información dada
4,presupuestar porfavor envio datos
4,presupuestar urgente!
4,presupuestación consulta 
4,presupuestación solicitud
4,envio solicitud presupuestación 
4,envio solicitud presupuestacion
4,documentos para nueva presupuestación 
4,hola pido presupuestación para la solicitud enviada
4,necesito pedir prespuesto
4,necesito pedir presupuestación
4,necesito pedir presupuestacion
4,nueva presupuestación
4,nueva presupuestacion
4,nuevo presupuesto
4,pedido presupuesto por favor lo antes posible
4,pedido presupuesto por favor lo antes posible enviar respuesta
4,pedido presupuesto envio todos los datos necesarios para el análisis
4,pedido presupuesto envio todos los datos necesarios
4,pedido presupuesto envio todos los datos solicitados
4,pedido presupuesto envio todos los datos solicitados para el análisis
4,entrega información solicitada para presupuestación
4,entrega información solicitada para presupuestacion
4,entrega información solicitada para presupuesto
4,entrega información solicitada para generación presupuestación
4,entrega información solicitada para generación presupuesto
4,nueva cotización para la poliza del hogar
4,nueva cotización para la poliza del hogarpedido
4,nueva presupuestación solicitada con urgencia
4,nuevo presupuesto envio info
4,entrega información solicitada para presupuestación
4,entrega información solicitada para presupuestacion
4,entrega información solicitada para presupuesto
4,entrega información solicitada para generación presupuesto
4,entrega información solicitada para análisis presupuesto
4,entrega información solicitada para obtener el presupuesto deseado
4,entrega información solicitada para obtener el presupuestación deseada
4,información completa para pedido de la presupuestación informada previamente
4,información completa para pedido presupuesto charlado con anterioridad
0,LA NACION te mantiene informado
0,¿Podemos pedirte un favor?
0,Día festivo en EE. UU. mañana: Juneteenth
0,Noticia electrónica del período Junio 2024
0,Feliz día de los Súper Papás
0,IMPORTANTE! - Recordá este evento
0,¡Envío gratis!
0,¿Conocés nuestros servicios?
0,¿Conocés nuestra plataforma?
0,¡Conocé nuestros servicios!
0,¡No te lo piedas!
0,¡No te lo piedas! Mirá estas ofertas
0,Solo por esta semana... mirá nuestra oferta
0,Felicidades por tus logros
0,Festejate en esta semana tan importante
0,¡No pierdas esta iportunidad!
0,¿Alguna vez escuchaste de QuickApp?
0,¡Nuestros productos podrían ayudarte!
0,¡Nuestros servicios podrían ayudarte!
0,¡Mirá nuestra oferta de servicios!
0,¡Felices fiesta para todos!
0,Ofrecemos servicios de todo tipo
0,Conocé cómo mejorar tu forma de trabajar
0,¡Conocenos!
0,¡No te lo pierdas!
0,Entrá al link
0,Manejá fácilmente tus datos
0,Imperdible oportunidad
0,Imperdible oferta por hoy
0,Optimizá tus procesos con nosotros
0,Te damos una demo para que nos conozcas
0,Registrate gratis
0,¡Imperdible!